{
  "config": {
    "V": 10,
    "k": 5,
    "d": 64,
    "L": 3,
    "heads": 4,
    "steps": 2000
  },
  "final_acc": 1.0,
  "probeA": {
    "0": {
      "attn": 0.0054682732006767765,
      "mlp": 0.0
    },
    "1": {
      "attn": 0.0004105447659625838,
      "mlp": 0.0
    },
    "2": {
      "attn": 0.0005068603914821779,
      "mlp": 0.0
    }
  },
  "probeB": {
    "flip": {
      "attn_L0": 0.0,
      "attn_L1": 1.0,
      "attn_L2": 0.0,
      "mlp_L0": 0.0,
      "mlp_L1": 0.32303370786516855,
      "mlp_L2": 1.0
    },
    "usable": 356
  },
  "probeC": {
    "intact": [
      1.0,
      1.0,
      1.0
    ],
    "freeze_attn": [
      0.046875,
      0.02734375,
      0.08984375
    ],
    "linear_mlp": [
      0.1484375,
      0.166015625,
      0.1796875
    ]
  }
}